"V1","V2","V3","V4","V5","V6","V7","V8","V9","V10","V11","V12","V13","V14","V15","V16","V17","V18","V19","V20","V21","V22","V23","V24","V25","V26","V27","V28","V29","V30"
"CS76978","CS76769","CS76999","CS76689","CS77287","CS77287","CS76953","CS76886","CS76978","CS76769","CS76978","CS76769","CS76996","CS76854","CS77126","CS76996","CS77004","CS76953","CS76978","CS76769","CS76978","CS76769","CS76790","CS76360","CS76994","CS76513","CS76978","CS76998","CS76978","CS76769"
"CS77197","CS76836","CS77196","CS78848","CS77387","CS77387","CS76693","CS77028","CS77179","CS77197","CS77197","CS77197","CS77196","CS76958","CS76994","CS76790","CS76886","CS76691","CS77179","CS77197","CS78848","CS77196","CS77196","CS76693","CS77126","CS76695","CS76958","CS77000","CS77179","CS77197"
NA,NA,NA,NA,NA,NA,NA,NA,NA,NA,"CS77196","CS76958","CS76691","CS76409","CS76513","CS77179","CS78848","CS76692","CS76979","CS77179","CS77190","CS76979","CS76691","CS77196","CS76706","CS77287","CS76953","CS76691","CS76979","CS77179"
NA,NA,NA,NA,NA,NA,NA,NA,NA,NA,"CS77057","CS76739","CS77190","CS77196","CS76790","CS76706","CS76693","CS76409","CS77197","CS76979","CS77057","CS77197","CS77190","CS77190","CS76695","CS76642","CS76693","CS76769","CS77126","CS76979"
NA,NA,NA,NA,NA,NA,NA,NA,NA,NA,"CS78848","CS77196","CS77028","CS77023","CS76650","CS76473","CS77197","CS77028","CS77126","CS76513","CS77196","CS77126","CS77023","CS77023","CS76572","CS76854","CS76836","CS76721","CS76739","CS77126"
NA,NA,NA,NA,NA,NA,NA,NA,NA,NA,"CS77126","CS78848","CS78848","CS78848","CS77387","CS78778","CS76958","CS76999","CS77020","CS77126","CS76998","CS78848","CS78848","CS78848","CS76513","CS77057","CS77190","CS76979","CS77197","CS77196"
NA,NA,NA,NA,NA,NA,NA,NA,NA,NA,"CS77020","CS77057","CS76786","CS76786","CS76537","CS76854","CS77196","CS76739","CS76958","CS76739","CS76770","CS77020","CS77020","CS77020","CS77020","CS77387","CS76769","CS76958","CS77020","CS77020"
NA,NA,NA,NA,NA,NA,NA,NA,NA,NA,"CS77190","CS76409","CS76650","CS77190","CS77179","CS77057","CS76692","CS76693","CS77196","CS77196","CS76836","CS77190","CS76650","CS76650","CS76360","CS76996","CS76441","CS77028","CS76706","CS77028"
NA,NA,NA,NA,NA,NA,NA,NA,NA,NA,"CS77000","CS77033","CS76886","CS77020","CS76649","CS76786","CS76999","CS77000","CS76706","CS77020","CS77033","CS77004","CS76886","CS76513","CS76786","CS76774","CS76689","CS77196","CS76958","CS76706"
NA,NA,NA,NA,NA,NA,NA,NA,NA,NA,"CS76979","CS76770","CS77020","CS76886","CS77020","CS77287","CS76721","CS77023","CS77057","CS76409","CS76642","CS77033","CS76786","CS76537","CS76537","CS76770","CS76979","CS78848","CS77057","CS77057"
NA,NA,NA,NA,NA,NA,NA,NA,NA,NA,NA,NA,NA,NA,NA,NA,NA,NA,NA,NA,"CS77020","CS76632","CS77033","CS76886","CS77107","CS77229","CS76692","CS76978","CS77196","CS76958"
NA,NA,NA,NA,NA,NA,NA,NA,NA,NA,NA,NA,NA,NA,NA,NA,NA,NA,NA,NA,"CS76741","CS76739","CS76409","CS76836","CS76649","CS77179","CS77197","CS76689","CS76513","CS76721"
NA,NA,NA,NA,NA,NA,NA,NA,NA,NA,NA,NA,NA,NA,NA,NA,NA,NA,NA,NA,"CS77126","CS76513","CS77126","CS76409","CS76473","CS77001","CS76739","CS76390","CS76996","CS76513"
NA,NA,NA,NA,NA,NA,NA,NA,NA,NA,NA,NA,NA,NA,NA,NA,NA,NA,NA,NA,"CS76958","CS76409","CS77004","CS77000","CS76650","CS76632","CS76390","CS77002","CS76836","CS77033"
NA,NA,NA,NA,NA,NA,NA,NA,NA,NA,NA,NA,NA,NA,NA,NA,NA,NA,NA,NA,"CS76409","CS77057","CS76770","CS76786","CS78778","CS76790","CS77023","CS77197","CS76999","CS76790"
NA,NA,NA,NA,NA,NA,NA,NA,NA,NA,NA,NA,NA,NA,NA,NA,NA,NA,NA,NA,"CS77028","CS76642","CS76774","CS77126","CS76770","CS76741","CS77000","CS77033","CS76953","CS78848"
NA,NA,NA,NA,NA,NA,NA,NA,NA,NA,NA,NA,NA,NA,NA,NA,NA,NA,NA,NA,"CS76650","CS76958","CS76958","CS77033","CS76996","CS76537","CS77004","CS76674","CS76790","CS76409"
NA,NA,NA,NA,NA,NA,NA,NA,NA,NA,NA,NA,NA,NA,NA,NA,NA,NA,NA,NA,"CS76706","CS77000","CS77057","CS76642","CS76854","CS78778","CS76409","CS76409","CS76409","CS76770"
NA,NA,NA,NA,NA,NA,NA,NA,NA,NA,NA,NA,NA,NA,NA,NA,NA,NA,NA,NA,"CS77229","CS76836","CS76642","CS77057","CS77387","CS78841","CS77006","CS76693","CS76632","CS76360"
NA,NA,NA,NA,NA,NA,NA,NA,NA,NA,NA,NA,NA,NA,NA,NA,NA,NA,NA,NA,"CS76774","CS77023","CS76649","CS77028","CS76642","CS76572","CS76999","CS76886","CS77023","CS77000"
